month,usd_oz,source
2023-01,1897.71,WorldBank_CMO_PinkSheet
2023-02,1854.54,WorldBank_CMO_PinkSheet
2023-03,1912.73,WorldBank_CMO_PinkSheet
2023-04,1999.77,WorldBank_CMO_PinkSheet
2023-05,1992.13,WorldBank_CMO_PinkSheet
2023-06,1942.9,WorldBank_CMO_PinkSheet
2023-07,1951.02,WorldBank_CMO_PinkSheet
2023-08,1918.7,WorldBank_CMO_PinkSheet
2023-09,1915.95,WorldBank_CMO_PinkSheet
2023-10,1916.25,WorldBank_CMO_PinkSheet
2023-11,1984.11,WorldBank_CMO_PinkSheet
2023-12,2026.18,WorldBank_CMO_PinkSheet
2024-01,2034.04,WorldBank_CMO_PinkSheet
2024-02,2023.24,WorldBank_CMO_PinkSheet
2024-03,2158.01,WorldBank_CMO_PinkSheet
2024-04,2331.45,WorldBank_CMO_PinkSheet
2024-05,2351.13,WorldBank_CMO_PinkSheet
2024-06,2326.44,WorldBank_CMO_PinkSheet
2024-07,2398.2,WorldBank_CMO_PinkSheet
2024-08,2470.15,WorldBank_CMO_PinkSheet
2024-09,2570.55,WorldBank_CMO_PinkSheet
2024-10,2690.08,WorldBank_CMO_PinkSheet
2024-11,2651.13,WorldBank_CMO_PinkSheet
2024-12,2648.01,WorldBank_CMO_PinkSheet
2025-01,2709.69,WorldBank_CMO_PinkSheet
2025-02,2894.73,WorldBank_CMO_PinkSheet
2025-03,2983.25,WorldBank_CMO_PinkSheet
2025-04,3217.64,WorldBank_CMO_PinkSheet
2025-05,3309.49,WorldBank_CMO_PinkSheet
2025-06,3352.66,WorldBank_CMO_PinkSheet
2025-07,3340.15,WorldBank_CMO_PinkSheet
2025-08,3368.03,WorldBank_CMO_PinkSheet
2025-09,3667.68,WorldBank_CMO_PinkSheet
2025-10,4058.33,WorldBank_CMO_PinkSheet
2025-11,4087.19,WorldBank_CMO_PinkSheet
2025-12,4309.23,WorldBank_CMO_PinkSheet
2026-01,4753.0,datahub_gold-prices
2026-02,5020.0,datahub_gold-prices
2026-03,4856.0,datahub_gold-prices
