month,coicop,division,index,yoy_pct,mom_pct
2024-01,0,General Index,100.953,1.678,0.206
2024-01,1,Food And Beverages,100.914,1.038,0.183
2024-01,2,Tobacco,99.198,-0.377,-0.796
2024-01,3,Clothing And Footwear,97.006,-4.141,-0.453
2024-01,4,"Housing, Water, Electricity, Gas And Other Fuels",103.092,5.999,0.521
2024-01,5,"Furnishings, Household Equipment And Routine Household Maintenance",99.913,-0.322,0.375
2024-01,6,Health,100.495,0.75,0.329
2024-01,7,Transport,100.568,1.445,0.167
2024-01,8,Information And Communication,99.217,-1.601,0.23
2024-01,9,"Recreation, Sport And Culture",100.063,0.087,0.86
2024-01,10,Education Services,101.552,2.306,0.338
2024-01,11,Restaurants And Accommodation Services,103.016,3.842,0.342
2024-01,12,Insurance And Financial Services,98.582,-0.097,-1.942
2024-01,13,"Personal Care, Social Protection And Miscellaneous Goods And Services",100.288,0.655,0.217
2024-02,0,General Index,101.008,1.578,0.054
2024-02,1,Food And Beverages,100.492,0.904,-0.418
2024-02,2,Tobacco,98.834,-1.038,-0.368
2024-02,3,Clothing And Footwear,96.765,-4.253,-0.249
2024-02,4,"Housing, Water, Electricity, Gas And Other Fuels",103.614,5.588,0.507
2024-02,5,"Furnishings, Household Equipment And Routine Household Maintenance",99.691,-0.375,-0.222
2024-02,6,Health,100.438,0.704,-0.056
2024-02,7,Transport,100.854,1.986,0.284
2024-02,8,Information And Communication,99.097,-1.573,-0.121
2024-02,9,"Recreation, Sport And Culture",101.034,0.881,0.97
2024-02,10,Education Services,101.552,2.306,0.0
2024-02,11,Restaurants And Accommodation Services,103.148,3.975,0.128
2024-02,12,Insurance And Financial Services,99.063,-3.049,0.488
2024-02,13,"Personal Care, Social Protection And Miscellaneous Goods And Services",100.183,0.476,-0.104
2024-03,0,General Index,100.818,1.244,-0.188
2024-03,1,Food And Beverages,99.964,0.766,-0.525
2024-03,2,Tobacco,98.682,-1.236,-0.154
2024-03,3,Clothing And Footwear,96.481,-4.756,-0.294
2024-03,4,"Housing, Water, Electricity, Gas And Other Fuels",104.03,5.663,0.401
2024-03,5,"Furnishings, Household Equipment And Routine Household Maintenance",99.201,-0.547,-0.491
2024-03,6,Health,100.418,0.65,-0.021
2024-03,7,Transport,100.32,0.437,-0.529
2024-03,8,Information And Communication,98.857,-1.665,-0.242
2024-03,9,"Recreation, Sport And Culture",99.977,0.694,-1.046
2024-03,10,Education Services,101.552,2.306,0.0
2024-03,11,Restaurants And Accommodation Services,103.442,3.621,0.285
2024-03,12,Insurance And Financial Services,99.013,-3.385,-0.05
2024-03,13,"Personal Care, Social Protection And Miscellaneous Goods And Services",100.388,0.638,0.205
2024-04,0,General Index,101.27,1.418,0.449
2024-04,1,Food And Beverages,100.464,0.898,0.5
2024-04,2,Tobacco,98.676,-1.174,-0.006
2024-04,3,Clothing And Footwear,97.125,-4.523,0.668
2024-04,4,"Housing, Water, Electricity, Gas And Other Fuels",104.522,5.749,0.474
2024-04,5,"Furnishings, Household Equipment And Routine Household Maintenance",99.154,-1.105,-0.048
2024-04,6,Health,100.25,-0.152,-0.167
2024-04,7,Transport,101.088,1.563,0.765
2024-04,8,Information And Communication,98.764,-1.593,-0.094
2024-04,9,"Recreation, Sport And Culture",100.087,-1.63,0.11
2024-04,10,Education Services,101.576,2.241,0.024
2024-04,11,Restaurants And Accommodation Services,103.658,3.875,0.209
2024-04,12,Insurance And Financial Services,98.959,-3.16,-0.055
2024-04,13,"Personal Care, Social Protection And Miscellaneous Goods And Services",102.251,1.869,1.856
2024-05,0,General Index,101.339,1.642,0.068
2024-05,1,Food And Beverages,100.858,1.338,0.393
2024-05,2,Tobacco,98.842,-1.012,0.168
2024-05,3,Clothing And Footwear,97.002,-4.097,-0.127
2024-05,4,"Housing, Water, Electricity, Gas And Other Fuels",105.051,5.772,0.506
2024-05,5,"Furnishings, Household Equipment And Routine Household Maintenance",99.022,-1.245,-0.133
2024-05,6,Health,100.089,-0.39,-0.161
2024-05,7,Transport,100.704,1.213,-0.38
2024-05,8,Information And Communication,98.46,-1.954,-0.308
2024-05,9,"Recreation, Sport And Culture",100.44,-0.868,0.352
2024-05,10,Education Services,101.576,2.241,0.0
2024-05,11,Restaurants And Accommodation Services,103.807,6.611,0.143
2024-05,12,Insurance And Financial Services,96.594,-4.929,-2.39
2024-05,13,"Personal Care, Social Protection And Miscellaneous Goods And Services",102.869,1.967,0.605
2024-06,0,General Index,101.619,1.827,0.277
2024-06,1,Food And Beverages,100.933,1.416,0.075
2024-06,2,Tobacco,99.042,-0.811,0.202
2024-06,3,Clothing And Footwear,97.361,-3.301,0.371
2024-06,4,"Housing, Water, Electricity, Gas And Other Fuels",105.618,5.851,0.54
2024-06,5,"Furnishings, Household Equipment And Routine Household Maintenance",98.76,-1.43,-0.265
2024-06,6,Health,100.018,-0.186,-0.07
2024-06,7,Transport,101.263,1.811,0.556
2024-06,8,Information And Communication,98.015,-2.042,-0.452
2024-06,9,"Recreation, Sport And Culture",101.005,-0.123,0.563
2024-06,10,Education Services,101.576,2.241,0.0
2024-06,11,Restaurants And Accommodation Services,105.009,6.249,1.158
2024-06,12,Insurance And Financial Services,97.207,-2.446,0.634
2024-06,13,"Personal Care, Social Protection And Miscellaneous Goods And Services",102.394,1.29,-0.462
2024-07,0,General Index,101.499,1.348,-0.119
2024-07,1,Food And Beverages,100.671,0.556,-0.26
2024-07,2,Tobacco,99.106,-0.788,0.065
2024-07,3,Clothing And Footwear,97.038,-2.991,-0.332
2024-07,4,"Housing, Water, Electricity, Gas And Other Fuels",106.463,6.316,0.8
2024-07,5,"Furnishings, Household Equipment And Routine Household Maintenance",98.575,-1.439,-0.187
2024-07,6,Health,99.94,0.082,-0.079
2024-07,7,Transport,100.303,-0.61,-0.948
2024-07,8,Information And Communication,98.17,-1.789,0.157
2024-07,9,"Recreation, Sport And Culture",100.823,0.199,-0.18
2024-07,10,Education Services,101.191,0.998,-0.38
2024-07,11,Restaurants And Accommodation Services,104.563,5.449,-0.424
2024-07,12,Insurance And Financial Services,97.458,-2.701,0.259
2024-07,13,"Personal Care, Social Protection And Miscellaneous Goods And Services",102.468,2.3,0.072
2024-08,0,General Index,101.551,1.385,0.051
2024-08,1,Food And Beverages,100.746,0.772,0.075
2024-08,2,Tobacco,98.981,-1.219,-0.126
2024-08,3,Clothing And Footwear,96.722,-2.713,-0.326
2024-08,4,"Housing, Water, Electricity, Gas And Other Fuels",107.31,6.487,0.795
2024-08,5,"Furnishings, Household Equipment And Routine Household Maintenance",98.383,-1.619,-0.195
2024-08,6,Health,99.935,0.267,-0.005
2024-08,7,Transport,100.05,-0.405,-0.252
2024-08,8,Information And Communication,98.124,-1.634,-0.046
2024-08,9,"Recreation, Sport And Culture",101.072,1.521,0.247
2024-08,10,Education Services,101.191,0.998,0.0
2024-08,11,Restaurants And Accommodation Services,103.535,2.618,-0.983
2024-08,12,Insurance And Financial Services,97.913,-1.148,0.467
2024-08,13,"Personal Care, Social Protection And Miscellaneous Goods And Services",102.851,3.323,0.374
2024-09,0,General Index,101.617,1.463,0.065
2024-09,1,Food And Beverages,100.833,0.651,0.086
2024-09,2,Tobacco,98.753,-1.61,-0.23
2024-09,3,Clothing And Footwear,96.506,-2.819,-0.223
2024-09,4,"Housing, Water, Electricity, Gas And Other Fuels",108.421,7.142,1.036
2024-09,5,"Furnishings, Household Equipment And Routine Household Maintenance",98.325,-1.665,-0.059
2024-09,6,Health,99.696,0.024,-0.239
2024-09,7,Transport,99.192,-1.067,-0.858
2024-09,8,Information And Communication,97.965,-1.654,-0.163
2024-09,9,"Recreation, Sport And Culture",100.748,1.819,-0.321
2024-09,10,Education Services,101.191,0.998,0.0
2024-09,11,Restaurants And Accommodation Services,104.071,3.44,0.518
2024-09,12,Insurance And Financial Services,97.961,1.007,0.049
2024-09,13,"Personal Care, Social Protection And Miscellaneous Goods And Services",102.665,2.852,-0.181
2024-10,0,General Index,101.898,1.486,0.277
2024-10,1,Food And Beverages,100.874,0.178,0.041
2024-10,2,Tobacco,98.731,-1.502,-0.022
2024-10,3,Clothing And Footwear,96.485,-2.326,-0.022
2024-10,4,"Housing, Water, Electricity, Gas And Other Fuels",109.414,7.766,0.916
2024-10,5,"Furnishings, Household Equipment And Routine Household Maintenance",98.3,-1.538,-0.026
2024-10,6,Health,99.594,-0.49,-0.103
2024-10,7,Transport,99.227,-1.794,0.035
2024-10,8,Information And Communication,97.94,-1.664,-0.025
2024-10,9,"Recreation, Sport And Culture",101.092,2.292,0.342
2024-10,10,Education Services,100.911,-0.295,-0.276
2024-10,11,Restaurants And Accommodation Services,104.6,4.464,0.508
2024-10,12,Insurance And Financial Services,97.513,-0.258,-0.457
2024-10,13,"Personal Care, Social Protection And Miscellaneous Goods And Services",103.978,4.636,1.279
2024-11,0,General Index,102.253,1.504,0.348
2024-11,1,Food And Beverages,100.874,-0.157,0.0
2024-11,2,Tobacco,98.762,-1.628,0.031
2024-11,3,Clothing And Footwear,96.439,-1.602,-0.047
2024-11,4,"Housing, Water, Electricity, Gas And Other Fuels",109.959,7.61,0.497
2024-11,5,"Furnishings, Household Equipment And Routine Household Maintenance",98.078,-1.771,-0.226
2024-11,6,Health,99.554,-0.66,-0.04
2024-11,7,Transport,99.581,-0.964,0.357
2024-11,8,Information And Communication,97.661,-1.573,-0.285
2024-11,9,"Recreation, Sport And Culture",102.06,2.801,0.958
2024-11,10,Education Services,100.911,-0.295,0.0
2024-11,11,Restaurants And Accommodation Services,106.35,3.824,1.673
2024-11,12,Insurance And Financial Services,100.355,1.46,2.914
2024-11,13,"Personal Care, Social Protection And Miscellaneous Goods And Services",103.605,4.018,-0.359
2024-12,0,General Index,102.199,1.443,-0.052
2024-12,1,Food And Beverages,100.959,0.227,0.084
2024-12,2,Tobacco,98.759,-1.236,-0.003
2024-12,3,Clothing And Footwear,96.164,-1.318,-0.286
2024-12,4,"Housing, Water, Electricity, Gas And Other Fuels",110.419,7.666,0.419
2024-12,5,"Furnishings, Household Equipment And Routine Household Maintenance",97.784,-1.764,-0.299
2024-12,6,Health,99.624,-0.54,0.071
2024-12,7,Transport,99.449,-0.948,-0.133
2024-12,8,Information And Communication,97.668,-1.335,0.007
2024-12,9,"Recreation, Sport And Culture",101.177,1.983,-0.865
2024-12,10,Education Services,100.911,-0.295,0.0
2024-12,11,Restaurants And Accommodation Services,105.06,2.333,-1.213
2024-12,12,Insurance And Financial Services,101.068,0.531,0.71
2024-12,13,"Personal Care, Social Protection And Miscellaneous Goods And Services",103.83,3.757,0.217
2025-01,0,General Index,102.605,1.636,0.397
2025-01,1,Food And Beverages,101.443,0.524,0.479
2025-01,2,Tobacco,99.074,-0.125,0.32
2025-01,3,Clothing And Footwear,96.294,-0.734,0.135
2025-01,4,"Housing, Water, Electricity, Gas And Other Fuels",110.809,7.485,0.352
2025-01,5,"Furnishings, Household Equipment And Routine Household Maintenance",98.184,-1.73,0.409
2025-01,6,Health,99.902,-0.59,0.279
2025-01,7,Transport,99.72,-0.844,0.272
2025-01,8,Information And Communication,97.532,-1.698,-0.139
2025-01,9,"Recreation, Sport And Culture",101.549,1.484,0.367
2025-01,10,Education Services,100.873,-0.668,-0.038
2025-01,11,Restaurants And Accommodation Services,106.012,2.908,0.907
2025-01,12,Insurance And Financial Services,102.028,3.495,0.95
2025-01,13,"Personal Care, Social Protection And Miscellaneous Goods And Services",104.306,4.007,0.459
2025-02,0,General Index,102.717,1.692,0.11
2025-02,1,Food And Beverages,101.11,0.615,-0.328
2025-02,2,Tobacco,99.35,0.522,0.278
2025-02,3,Clothing And Footwear,96.476,-0.299,0.189
2025-02,4,"Housing, Water, Electricity, Gas And Other Fuels",111.233,7.352,0.383
2025-02,5,"Furnishings, Household Equipment And Routine Household Maintenance",98.332,-1.364,0.15
2025-02,6,Health,99.796,-0.639,-0.106
2025-02,7,Transport,100.029,-0.818,0.31
2025-02,8,Information And Communication,97.252,-1.862,-0.287
2025-02,9,"Recreation, Sport And Culture",102.848,1.796,1.28
2025-02,10,Education Services,100.954,-0.589,0.08
2025-02,11,Restaurants And Accommodation Services,105.264,2.052,-0.706
2025-02,12,Insurance And Financial Services,104.142,5.126,2.072
2025-02,13,"Personal Care, Social Protection And Miscellaneous Goods And Services",104.64,4.449,0.32
2025-03,0,General Index,102.958,2.123,0.234
2025-03,1,Food And Beverages,101.373,1.409,0.26
2025-03,2,Tobacco,99.395,0.723,0.046
2025-03,3,Clothing And Footwear,96.907,0.442,0.447
2025-03,4,"Housing, Water, Electricity, Gas And Other Fuels",111.732,7.404,0.449
2025-03,5,"Furnishings, Household Equipment And Routine Household Maintenance",98.011,-1.2,-0.326
2025-03,6,Health,99.462,-0.952,-0.335
2025-03,7,Transport,100.25,-0.07,0.221
2025-03,8,Information And Communication,97.364,-1.511,0.115
2025-03,9,"Recreation, Sport And Culture",103.152,3.175,0.295
2025-03,10,Education Services,101.022,-0.522,0.067
2025-03,11,Restaurants And Accommodation Services,105.581,2.068,0.301
2025-03,12,Insurance And Financial Services,103.998,5.034,-0.138
2025-03,13,"Personal Care, Social Protection And Miscellaneous Goods And Services",105.333,4.926,0.662
2025-04,0,General Index,103.348,2.052,0.379
2025-04,1,Food And Beverages,101.919,1.449,0.539
2025-04,2,Tobacco,99.395,0.729,-0.0
2025-04,3,Clothing And Footwear,96.94,-0.191,0.034
2025-04,4,"Housing, Water, Electricity, Gas And Other Fuels",112.091,7.242,0.322
2025-04,5,"Furnishings, Household Equipment And Routine Household Maintenance",98.16,-1.003,0.152
2025-04,6,Health,99.671,-0.578,0.21
2025-04,7,Transport,100.461,-0.62,0.211
2025-04,8,Information And Communication,97.143,-1.641,-0.227
2025-04,9,"Recreation, Sport And Culture",103.388,3.298,0.23
2025-04,10,Education Services,101.033,-0.535,0.011
2025-04,11,Restaurants And Accommodation Services,106.553,2.793,0.921
2025-04,12,Insurance And Financial Services,104.234,5.33,0.228
2025-04,13,"Personal Care, Social Protection And Miscellaneous Goods And Services",106.481,4.137,1.09
2025-05,0,General Index,103.461,2.094,0.109
2025-05,1,Food And Beverages,101.868,1.001,-0.05
2025-05,2,Tobacco,99.405,0.57,0.01
2025-05,3,Clothing And Footwear,96.712,-0.299,-0.235
2025-05,4,"Housing, Water, Electricity, Gas And Other Fuels",112.49,7.082,0.356
2025-05,5,"Furnishings, Household Equipment And Routine Household Maintenance",97.94,-1.093,-0.223
2025-05,6,Health,99.89,-0.198,0.221
2025-05,7,Transport,100.571,-0.132,0.109
2025-05,8,Information And Communication,97.749,-0.722,0.624
2025-05,9,"Recreation, Sport And Culture",103.516,3.063,0.124
2025-05,10,Education Services,101.035,-0.533,0.002
2025-05,11,Restaurants And Accommodation Services,106.394,2.492,-0.15
2025-05,12,Insurance And Financial Services,104.31,7.989,0.073
2025-05,13,"Personal Care, Social Protection And Miscellaneous Goods And Services",106.932,3.949,0.424
2025-06,0,General Index,103.629,1.977,0.162
2025-06,1,Food And Beverages,101.864,0.922,-0.004
2025-06,2,Tobacco,99.365,0.326,-0.041
2025-06,3,Clothing And Footwear,96.872,-0.502,0.166
2025-06,4,"Housing, Water, Electricity, Gas And Other Fuels",112.768,6.77,0.247
2025-06,5,"Furnishings, Household Equipment And Routine Household Maintenance",98.115,-0.653,0.179
2025-06,6,Health,99.686,-0.332,-0.204
2025-06,7,Transport,100.794,-0.463,0.222
2025-06,8,Information And Communication,97.732,-0.289,-0.017
2025-06,9,"Recreation, Sport And Culture",103.835,2.802,0.308
2025-06,10,Education Services,101.28,-0.291,0.242
2025-06,11,Restaurants And Accommodation Services,106.465,1.386,0.067
2025-06,12,Insurance And Financial Services,104.719,7.729,0.392
2025-06,13,"Personal Care, Social Protection And Miscellaneous Goods And Services",107.688,5.17,0.707
2025-07,0,General Index,103.751,2.219,0.118
2025-07,1,Food And Beverages,101.723,1.045,-0.138
2025-07,2,Tobacco,99.457,0.354,0.092
2025-07,3,Clothing And Footwear,96.904,-0.139,0.032
2025-07,4,"Housing, Water, Electricity, Gas And Other Fuels",113.05,6.188,0.25
2025-07,5,"Furnishings, Household Equipment And Routine Household Maintenance",97.958,-0.626,-0.16
2025-07,6,Health,99.8,-0.139,0.114
2025-07,7,Transport,101.212,0.906,0.414
2025-07,8,Information And Communication,97.746,-0.431,0.014
2025-07,9,"Recreation, Sport And Culture",104.334,3.482,0.48
2025-07,10,Education Services,101.238,0.047,-0.041
2025-07,11,Restaurants And Accommodation Services,106.521,1.872,0.053
2025-07,12,Insurance And Financial Services,105.633,8.388,0.872
2025-07,13,"Personal Care, Social Protection And Miscellaneous Goods And Services",107.623,5.031,-0.06
2025-08,0,General Index,103.895,2.309,0.139
2025-08,1,Food And Beverages,101.805,1.052,0.081
2025-08,2,Tobacco,99.506,0.531,0.05
2025-08,3,Clothing And Footwear,96.942,0.228,0.04
2025-08,4,"Housing, Water, Electricity, Gas And Other Fuels",113.555,5.82,0.446
2025-08,5,"Furnishings, Household Equipment And Routine Household Maintenance",98.045,-0.343,0.089
2025-08,6,Health,99.788,-0.147,-0.012
2025-08,7,Transport,101.22,1.169,0.008
2025-08,8,Information And Communication,97.717,-0.415,-0.03
2025-08,9,"Recreation, Sport And Culture",103.792,2.692,-0.519
2025-08,10,Education Services,102.016,0.815,0.768
2025-08,11,Restaurants And Accommodation Services,106.663,3.021,0.133
2025-08,12,Insurance And Financial Services,105.859,8.116,0.215
2025-08,13,"Personal Care, Social Protection And Miscellaneous Goods And Services",107.784,4.797,0.15
2025-09,0,General Index,103.831,2.179,-0.062
2025-09,1,Food And Beverages,101.924,1.083,0.117
2025-09,2,Tobacco,99.604,0.862,0.098
2025-09,3,Clothing And Footwear,96.616,0.114,-0.337
2025-09,4,"Housing, Water, Electricity, Gas And Other Fuels",114.01,5.154,0.4
2025-09,5,"Furnishings, Household Equipment And Routine Household Maintenance",97.772,-0.562,-0.278
2025-09,6,Health,99.731,0.035,-0.057
2025-09,7,Transport,100.82,1.641,-0.395
2025-09,8,Information And Communication,97.618,-0.354,-0.102
2025-09,9,"Recreation, Sport And Culture",103.501,2.733,-0.281
2025-09,10,Education Services,102.363,1.159,0.341
2025-09,11,Restaurants And Accommodation Services,105.681,1.547,-0.92
2025-09,12,Insurance And Financial Services,105.518,7.714,-0.322
2025-09,13,"Personal Care, Social Protection And Miscellaneous Goods And Services",108.221,5.412,0.405
2025-10,0,General Index,104.123,2.183,0.281
2025-10,1,Food And Beverages,102.397,1.51,0.464
2025-10,2,Tobacco,99.664,0.945,0.06
2025-10,3,Clothing And Footwear,96.775,0.301,0.165
2025-10,4,"Housing, Water, Electricity, Gas And Other Fuels",114.347,4.508,0.296
2025-10,5,"Furnishings, Household Equipment And Routine Household Maintenance",97.773,-0.536,0.0
2025-10,6,Health,99.908,0.315,0.177
2025-10,7,Transport,100.816,1.602,-0.003
2025-10,8,Information And Communication,97.731,-0.213,0.116
2025-10,9,"Recreation, Sport And Culture",103.493,2.375,-0.007
2025-10,10,Education Services,102.373,1.448,0.01
2025-10,11,Restaurants And Accommodation Services,105.727,1.078,0.043
2025-10,12,Insurance And Financial Services,105.534,8.225,0.015
2025-10,13,"Personal Care, Social Protection And Miscellaneous Goods And Services",110.061,5.85,1.701
2025-11,0,General Index,104.197,1.901,0.071
2025-11,1,Food And Beverages,102.203,1.317,-0.189
2025-11,2,Tobacco,99.735,0.985,0.071
2025-11,3,Clothing And Footwear,96.754,0.326,-0.022
2025-11,4,"Housing, Water, Electricity, Gas And Other Fuels",114.675,4.289,0.287
2025-11,5,"Furnishings, Household Equipment And Routine Household Maintenance",97.758,-0.326,-0.015
2025-11,6,Health,99.732,0.179,-0.176
2025-11,7,Transport,101.076,1.501,0.258
2025-11,8,Information And Communication,97.805,0.147,0.076
2025-11,9,"Recreation, Sport And Culture",103.435,1.347,-0.057
2025-11,10,Education Services,102.38,1.455,0.007
2025-11,11,Restaurants And Accommodation Services,105.835,-0.484,0.102
2025-11,12,Insurance And Financial Services,105.481,5.107,-0.05
2025-11,13,"Personal Care, Social Protection And Miscellaneous Goods And Services",110.408,6.566,0.315
2025-12,0,General Index,104.304,2.06,0.103
2025-12,1,Food And Beverages,102.273,1.301,0.068
2025-12,2,Tobacco,99.707,0.961,-0.028
2025-12,3,Clothing And Footwear,96.567,0.419,-0.193
2025-12,4,"Housing, Water, Electricity, Gas And Other Fuels",114.948,4.102,0.239
2025-12,5,"Furnishings, Household Equipment And Routine Household Maintenance",97.839,0.056,0.083
2025-12,6,Health,99.808,0.184,0.076
2025-12,7,Transport,100.989,1.549,-0.086
2025-12,8,Information And Communication,97.886,0.223,0.082
2025-12,9,"Recreation, Sport And Culture",103.58,2.374,0.14
2025-12,10,Education Services,102.404,1.479,0.024
2025-12,11,Restaurants And Accommodation Services,105.995,0.89,0.151
2025-12,12,Insurance And Financial Services,105.192,4.08,-0.274
2025-12,13,"Personal Care, Social Protection And Miscellaneous Goods And Services",111.147,7.048,0.67
2026-01,0,General Index,104.467,1.815,0.156
2026-01,1,Food And Beverages,101.646,0.201,-0.612
2026-01,2,Tobacco,99.749,0.681,0.042
2026-01,3,Clothing And Footwear,96.729,0.452,0.167
2026-01,4,"Housing, Water, Electricity, Gas And Other Fuels",115.478,4.214,0.461
2026-01,5,"Furnishings, Household Equipment And Routine Household Maintenance",97.842,-0.348,0.004
2026-01,6,Health,99.822,-0.08,0.014
2026-01,7,Transport,101.186,1.47,0.195
2026-01,8,Information And Communication,97.781,0.255,-0.107
2026-01,9,"Recreation, Sport And Culture",103.864,2.28,0.275
2026-01,10,Education Services,102.44,1.553,0.036
2026-01,11,Restaurants And Accommodation Services,107.026,0.956,0.973
2026-01,12,Insurance And Financial Services,105.346,3.252,0.147
2026-01,13,"Personal Care, Social Protection And Miscellaneous Goods And Services",112.55,7.903,1.262
2026-02,0,General Index,104.504,1.739,0.035
2026-02,1,Food And Beverages,101.109,-0.0,-0.528
2026-02,2,Tobacco,99.746,0.399,-0.003
2026-02,3,Clothing And Footwear,96.472,-0.004,-0.265
2026-02,4,"Housing, Water, Electricity, Gas And Other Fuels",115.781,4.089,0.262
2026-02,5,"Furnishings, Household Equipment And Routine Household Maintenance",97.435,-0.912,-0.416
2026-02,6,Health,99.849,0.053,0.027
2026-02,7,Transport,101.382,1.353,0.194
2026-02,8,Information And Communication,98.284,1.06,0.514
2026-02,9,"Recreation, Sport And Culture",104.718,1.818,0.822
2026-02,10,Education Services,102.389,1.422,-0.05
2026-02,11,Restaurants And Accommodation Services,107.314,1.947,0.269
2026-02,12,Insurance And Financial Services,105.234,1.049,-0.107
2026-02,13,"Personal Care, Social Protection And Miscellaneous Goods And Services",113.216,8.195,0.592
2026-03,0,General Index,104.808,1.797,0.291
2026-03,1,Food And Beverages,101.635,0.258,0.52
2026-03,2,Tobacco,99.784,0.391,0.038
2026-03,3,Clothing And Footwear,96.778,-0.133,0.318
2026-03,4,"Housing, Water, Electricity, Gas And Other Fuels",116.06,3.874,0.241
2026-03,5,"Furnishings, Household Equipment And Routine Household Maintenance",97.567,-0.453,0.135
2026-03,6,Health,99.883,0.423,0.033
2026-03,7,Transport,101.186,0.934,-0.193
2026-03,8,Information And Communication,98.35,1.013,0.068
2026-03,9,"Recreation, Sport And Culture",105.189,1.975,0.45
2026-03,10,Education Services,102.404,1.369,0.015
2026-03,11,Restaurants And Accommodation Services,107.931,2.226,0.576
2026-03,12,Insurance And Financial Services,106.142,2.062,0.863
2026-03,13,"Personal Care, Social Protection And Miscellaneous Goods And Services",113.968,8.197,0.664
