city,"Apparel, Clothing & Accessories",Bakeries & Pastries,Construction & Building Materials,Education,Electronic & Electric Devices,Food & Beverages,Furniture & Home Supplies,Gas Stations,Health,Hotels,Jewelry,Laundry Services,Others,Professional & Business Services,Public Utilities & Services,Recreation & Culture,Restaurants & Café,Telecommunication,Transportation
Abha,0.5222760409126284,0.14198854680075235,0.15246881398298667,0.03514242231798841,0.07808446639621511,1.1385511956281809,0.21570663832417247,0.5297917191506027,0.6235805189038185,0.12394133770205241,0.17291695875727522,0.022263212212283837,1.0259889264660422,0.3483007965790232,0.01948750764150532,0.1050091403034055,0.6006035366404342,0.09253382958461344,0.5609993911514657
Abu-Areesh,0.1439535056146216,0.03429745173385534,0.0356754218717728,0.004534859445963942,0.023886710830458922,0.27501798953811035,0.06598651859532526,0.09432979987186237,0.12711259276836007,0.05332374585270545,0.04861178067496669,0.0062588099915807,0.2647919675279381,0.09791706986925766,0.004559785297586664,0.04952572578037508,0.25839990869745333,0.016669007432218996,0.0998863485076694
Afeef,0.07203947518894309,0.012613055408356178,0.02047428598353965,0.025781347620779032,0.013757987907932302,0.10113920903676947,0.03800614204963741,0.058281859163504486,0.04694468214793012,0.01951984398794211,0.028051450026834682,0.0036116491366606344,0.12729329320810776,0.05650308945843699,0.00261688140765046,0.020868444717667984,0.0945906148117474,0.010170704764386586,0.06171498406642151
Ahad-Almasarha,0.042844922459720096,0.01164803246041355,0.012507781328072396,0.0028829091157042655,0.006405660313669506,0.09340106355993379,0.017695497149163953,0.04346147123108538,0.051155436755513824,0.010167529404793756,0.014185245176057118,0.0018263629311289168,0.08416701620498585,0.0285728608113261,0.0015986579671058957,0.008614426321375004,0.04927051968807025,0.0075910140287613805,0.046021593048446406
Ahad-Rufaidah,0.07204315407565084,0.01958600807394805,0.02103166409532009,0.004847572446981097,0.010771030648213456,0.15705261735982912,0.029754737653241808,0.07307987244460999,0.08601717077325692,0.017096562332839207,0.023852296728517464,0.003071004415262453,0.14152569239083665,0.04804487663031098,0.0026881216169023087,0.014485040632938886,0.08284770837459517,0.012764186789662726,0.07738468244196667
Al-Badaea,0.04099181465396385,0.011343349289525576,0.01278870877007327,0.0038757951461443675,0.005795788515707132,0.0909579271498607,0.016010739585736986,0.04811839566819881,0.03932139403628089,0.008528797312872366,0.01491925768740974,0.001920867694711149,0.08262073927947201,0.030051357450640435,0.0016345641667390321,0.008905166094557555,0.0413294379774614,0.007489063310786601,0.050952836175552296
Al-Baha,0.18330809967158618,0.052828004826828465,0.03626082122019647,0.0023069160988459054,0.022976193842520577,0.4236073219528025,0.06347123524039212,0.18551254064255635,0.14468253818055504,0.0460656014818559,0.04846236190915572,0.006239572192606817,0.3442374388965842,0.09761610069000635,0.004634606987201244,0.07295918019887436,0.22322788893873072,0.022868318127540734,0.19644025867050455
Al-Bekairiyah,0.0629461598602054,0.017418606220683124,0.019638069537592433,0.005951588699209253,0.008899889734214678,0.13967306086007603,0.024585751617767538,0.07388958628729966,0.060381097441718726,0.013096639990282575,0.022909695199270254,0.002949643630131417,0.1268706522596237,0.046146226169113264,0.0025100020140574396,0.013674583896848704,0.06346460706418532,0.011500046542057345,0.07824209292298384
Al-Dahran,0.18566124537716783,0.02974366531498213,0.051265972448361764,0.02544172211591878,0.028121983444731685,0.23850293893252178,0.07768636697970875,0.12600761722573486,0.11151101105980893,0.04868913982512502,0.06198144917365034,0.007980166700218493,0.3023687279858313,0.12484714209326425,0.006552461475486591,0.0843516486878931,0.23594121313462668,0.023564363036695995,0.13343016507962685
Al-Darb,0.042564322213899344,0.010141106188991621,0.010548545832097423,0.0013408719560432057,0.007062847494244161,0.08131760509297338,0.01951096242688238,0.02789153330428358,0.03758478359339864,0.015766820616392806,0.014373581853435064,0.0018506114458261204,0.07829396427263349,0.02895222102693031,0.0013482420577673395,0.014643818092464643,0.07640395367157649,0.004928709448940204,0.029534499382267522
Al-Dawadmi,0.15942747158686976,0.027913411743565215,0.045310763832482934,0.057055594235003816,0.030447212733457366,0.22382684400098024,0.08410976226371925,0.12898108185060306,0.10389126183476803,0.043198529203686,0.06207946046794759,0.007992785741519138,0.2817073255032471,0.12504456293690397,0.005791307962338341,0.04618305961505418,0.20933443109811814,0.022508350325844077,0.13657878327025452
Al-Gunfudah,0.15729861437619533,0.03727491470624839,0.06936032725829798,0.009747651042143559,0.01849718330053508,0.29889311259232276,0.05109806613749034,0.09880268583357571,0.10189034723175884,0.04180717999027249,0.04727776300060452,0.006087054029685993,0.2909084063944761,0.09523000307158712,0.008865156566471476,0.036229718152640075,0.20259213451030103,0.022142969369342264,0.1046227122719694
Al-Hofuf,0.5163023822307979,0.0827136822614967,0.1425647212949413,0.07075047735362348,0.0782039731343717,0.6632490011027954,0.21603677308636762,0.3504125635951062,0.31009918380211626,0.13539884874418667,0.1723632188153372,0.022191917702327247,0.8408523504947865,0.34718541689468957,0.01822163512044014,0.2345721481840839,0.6561251388805611,0.06552975957304277,0.37105380798297655
Al-Jubail,0.5387681215616227,0.08631278249564743,0.14876810515798944,0.07382902557741887,0.08160684349782134,0.6921087927346391,0.22543712837634433,0.3656599798048858,0.32359245377290197,0.1412904257468682,0.17986321741576264,0.023157549191760766,0.8774401532477144,0.36229241105907645,0.019014508674554828,0.2447790287191024,0.6846749516371925,0.06838113998042875,0.38719938161337136
Al-Khafji,0.13723685817936598,0.021985887093853965,0.03789472044114773,0.018805981844881917,0.020787174220914358,0.1762963182712212,0.05742411619617189,0.09314216038784925,0.08242657631194947,0.03598998037248829,0.04581537376158252,0.005898770114682562,0.2235045561402332,0.09228436176190544,0.00484344066749268,0.062350951188867194,0.17440274484772098,0.0174182777972028,0.09862875046799638
Al-Kharj,0.4045652792245547,0.0708334461039993,0.11498119890697706,0.14478503725394515,0.07726325330580654,0.5679859859777464,0.21343805504179475,0.3273041143674008,0.2636358523083788,0.1096211641282697,0.15753366724278758,0.02028259974967855,0.7148642681680085,0.31731475144492816,0.014696100361738159,0.11719474832433732,0.5312098456154551,0.057117490127775256,0.34658414287008715
Al-Khubar,1.4245787575280067,0.22822314744613323,0.3933638126017524,0.19521433677577582,0.21577998226573217,1.8300330783682952,0.5960875029357536,0.9668564617340297,0.8556240009246976,0.3735917755817979,0.47558366677013936,0.061231820025600674,2.3200752852557978,0.9579521359066404,0.05027703766898651,0.6472302102634463,1.8103769560209566,0.18080936034097903,1.0238096722864456
Al-Madinah,1.8721086850541462,0.48907489676012317,0.6248710804746151,0.1732941224064602,0.2107298353198689,3.9217022851804892,0.5821365819522167,1.150909503064751,1.4742560272292327,0.6267099672067142,0.537802989126428,0.06924261310962068,3.4735842904155656,1.083278417926915,0.07986669298197302,0.3523723726382276,3.0369546571864205,0.2512565207112294,1.2187044590370832
Al-Majma'a,0.11720178020309724,0.02052031256172364,0.03330983130241449,0.041943945722330296,0.02238301529256334,0.16454444339513893,0.061832592411125334,0.09481936993007593,0.07637479735069527,0.031757039576888454,0.04563719921335367,0.005875829983150322,0.2070947981336055,0.0919254707802214,0.004257431897617361,0.033951092294409194,0.1538904665444287,0.016546826599997032,0.10040475695887005
Al-Mubarraz,0.17681515753313787,0.028326487079183664,0.04882333400345344,0.024229515937490904,0.026782072493498527,0.2271391352234044,0.0739848921501611,0.12000380932963184,0.10619791409437736,0.04636927814872432,0.05902825696072219,0.007599940576577411,0.28796195007363706,0.11889862664627625,0.006240260349780337,0.08033259725599086,0.22469946640834634,0.022441606238486664,0.12707269958412196
Al-Muzahmiya,0.07804253615561528,0.013664103328871814,0.02218041150272075,0.027929711433321888,0.01490444323639549,0.10956715546997603,0.04117319993329885,0.063138495790741,0.05085659000478141,0.0211464357032789,0.030388981835235362,0.003912608435721857,0.13790066365011272,0.06121150092221718,0.002834946553065174,0.02260741554708091,0.1024728658428748,0.011018231215884204,0.06685770353982474
Al-Neairiyah,0.06780830330771086,0.010863158194722403,0.01872366309986394,0.009291976935747044,0.010270877905407476,0.08710746063381584,0.028373076590824386,0.046021250749270916,0.04072671410090037,0.01778253697666748,0.022637233184988663,0.002914563903496552,0.11043290362713142,0.045597415125397105,0.002393128917342303,0.030807410383974103,0.08617185191514129,0.008606316696838194,0.048732157784124853
Al-Ola,0.06975810531641255,0.018223802083808773,0.023283809849783347,0.006457247775224919,0.007852169141092638,0.14612961480990289,0.021691446290782325,0.04288493876739257,0.05493340639453224,0.02335233004593799,0.020039497628780982,0.0025801031405101485,0.12943193987118162,0.040364884030521374,0.0029759752864716407,0.0131300224593428,0.11316234175317261,0.009362265648963858,0.04541109962354109
Al-Qateef,0.3399349809686569,0.054458927506633885,0.09386502462143176,0.0465823188124983,0.05148972198083385,0.4366850596218504,0.14223923591120652,0.23071264483074308,0.20417019903860598,0.08914699341917463,0.11348444152925893,0.014611222766790121,0.5536196182707548,0.22858788211427197,0.01199717723772908,0.1544429804569222,0.43199468814133296,0.0431449831339054,0.24430289980466569
Al-Queyah,0.060420110784448686,0.010578675137547884,0.01717195501651599,0.02162303202979101,0.01153893960759947,0.08482630111651678,0.031876069434234794,0.04888148307780918,0.039372897826912695,0.016371456526485553,0.023526985917658564,0.00302912035907067,0.1067619504109274,0.047389614038531466,0.0021948003389157464,0.017502539245790708,0.07933394033070465,0.00853025521088854,0.051760873667857976
Al-Qurayyat,0.14730143776362176,0.03780519360765369,0.04460437934277914,0.007020763814241178,0.01655776284000909,0.3031452138414371,0.04574045934135227,0.1108035735508667,0.0782431859337501,0.03671908976287504,0.038098187047886964,0.004905175462523596,0.26190915175905927,0.07673989290791501,0.0057010227900376005,0.02834813976882158,0.17793591373699613,0.018389937682006297,0.11733051886711841
Al-Rass,0.17497793394640784,0.04842029657551909,0.0545899677123306,0.016544245059575042,0.024739941586623227,0.38826361562872364,0.068343549982248,0.20539850528483589,0.16784756533572276,0.036406081200647054,0.06368444305757473,0.00819942867721897,0.3526754397746302,0.12827742522224692,0.006977311524586786,0.03801265149711069,0.1764191151211478,0.03196786569165872,0.2174976169747537
Al-Tayef,1.1029747806793313,0.2613709665276425,0.48635324633314364,0.06835033679720708,0.12970188437451727,2.095832608668996,0.35829863164812187,0.6928024837980328,0.7144531046059708,0.293151121282671,0.3315107414226063,0.04268230276535854,2.039844006339059,0.6677509027560222,0.06216230294442799,0.25404206891430553,1.420572050268951,0.15526606436169282,0.7336123943614069
Al-Zulfi,0.07829857494988589,0.013708931966092639,0.022253180099146914,0.028021342100288615,0.014953341130588887,0.10992661895950508,0.04130827930137787,0.06334563801254281,0.051023438247124214,0.02121581207374683,0.030488680777011043,0.00392544476313615,0.13835308256663398,0.061412321137239004,0.002844247330987372,0.022681585041095142,0.10280905467409812,0.011054379382954074,0.06707704758789497
Al-laith,0.04397246665286723,0.010420116861226623,0.01938952030501184,0.0027249334782399083,0.0051708451411371205,0.08355488367370258,0.014284347120077567,0.027620064075326727,0.028483212733090752,0.01168710121995126,0.01321639014565187,0.0017016219843769649,0.08132277738077588,0.02662132880842159,0.0024782341728663533,0.01012793456336279,0.056634166258972204,0.006190016269693311,0.029247039109378918
Amluj,0.05625694334349536,0.014696720856761755,0.018777401788631957,0.005207495539020489,0.00633244025895382,0.11784731571878483,0.01749322834219676,0.034584878123959696,0.0443014545361413,0.018832660410916392,0.01616100204586833,0.0020807433851260815,0.1043813514593637,0.03255256122097588,0.002399997424289095,0.010588804358198072,0.09126061293880462,0.00755026882957203,0.03662211935229145
Ar'ar,0.22232328362822798,0.05713130626166907,0.06378108251614509,0.018486040887832064,0.029416309262821655,0.45811383042958503,0.08126191387145144,0.15580862210339144,0.12340808383219909,0.0482198166376397,0.0699730929883959,0.009009097948207952,0.3940689089366905,0.14094444062694308,0.00815205615133566,0.04211726533803439,0.23366693425836782,0.03273829960801521,0.16498661450633964
Baish,0.056107227771270515,0.013367753207464226,0.013904829981385402,0.0017675039642768707,0.009310069383505901,0.10719083855811531,0.025718863968291154,0.03676592344473875,0.04954332417679399,0.02078342963167963,0.01894689704882302,0.002439429844208348,0.10320515065375292,0.03816409554177489,0.0017772190485217311,0.01930311571804296,0.10071378582593492,0.006496901848464032,0.03893164034479112
Besha,0.15591632319154988,0.042388182528534046,0.04551688190801103,0.010491151894103537,0.02331074363970046,0.33989442800686714,0.06439542177111042,0.15815999670011832,0.18615899276456968,0.037000505771198136,0.05162131576969938,0.006646290311358937,0.30629094294714515,0.10397907488230745,0.0058176525469584755,0.03134863132722482,0.1792996189623859,0.027624346800315832,0.1674764981142746
Buraidah,1.0175917255326292,0.2815903241729621,0.3174703129034256,0.09621377106306414,0.14387619787772227,2.2579638110836293,0.397454864090244,1.1945038708631408,0.9761247591867297,0.21172113622163383,0.3703596267195059,0.04768413129502646,2.05099923869922,0.7460029018217176,0.040576856256958505,0.22106421510761842,1.0259729768443404,0.18591050241074222,1.2648667769980724
Dammam,2.46098462260076,0.3942594633104644,0.6795428394428297,0.33723616779884874,0.3727636786768468,3.1614140256661574,1.02975154634126,1.6702613821916752,1.4781053682547438,0.6453863010229841,0.8215790699507098,0.10577903587327507,4.007970475565893,1.6548790041939463,0.08685445849831336,1.118101464256661,3.1274577318627186,0.31235132004464244,1.76864904565821
Hafrel-Batin,0.515430569269256,0.08257401437931325,0.14232399071503085,0.07063101018609723,0.07807192021389504,0.6621290584184466,0.21567197976867525,0.34982086728429423,0.30957555947438387,0.13517021824513092,0.1720721713721567,0.02215444508519391,0.8394325120374526,0.34659916984853145,0.018190866605273023,0.2341760565791603,0.6550172253396664,0.06541910795544674,0.3704272574762148
Hayel,0.7578196631016013,0.22462881861868844,0.23928620470287532,0.02198685623638474,0.0800029768138114,1.8012115467999017,0.22100648158198152,0.6604628735094381,0.43743895012416717,0.16253659182328264,0.1551640019288578,0.019977503233204637,1.4060884914070062,0.31254161454500173,0.03058390513337647,0.09551683051794099,0.7876310978441996,0.11745278912420867,0.6993678015786724
Jazan,0.5170052899104595,0.12317841028701419,0.1281273543755951,0.016286830338403606,0.08578850376155316,0.987719991983998,0.23698887380963432,0.33878303499261414,0.45652158726450004,0.19151085321599445,0.17458795222540294,0.022478354107293024,0.9509934985830417,0.3516666223500175,0.0163763508894277,0.17787036241865573,0.9280365847192936,0.05986630880032312,0.3587392356151101
Jeddah,6.652883807328558,1.5765280415990859,2.933568104955748,0.41227311527786886,0.782331184221424,12.641568120439993,2.161172863092678,4.178821226808226,4.309412666535458,1.7682184416587348,1.9995946255521404,0.25744958624734393,12.303858072703116,4.027715996859341,0.3749483541505121,1.532321859271591,8.568555651432884,0.9365282901421612,4.4249769847833775
Khamis-Mushait,0.8592290060438152,0.23359424591645336,0.2508359894556161,0.057814998646105925,0.12846164325639722,1.873101837947904,0.3548724925624861,0.8715935187464762,1.025891343799261,0.20390365258836504,0.28447651234682647,0.036626603945064534,1.6879186032714348,0.5730114418534624,0.03206011861433065,0.17275710961342886,0.988090472065693,0.15223319507531466,0.9229352133556855
Mahayel,0.18818107275506465,0.051159836873252616,0.05493597777695238,0.012662152220221986,0.028134583057400325,0.410230928850353,0.07772117313538059,0.1908890437943498,0.2246820489628994,0.04465725413464205,0.062303640694731564,0.008021649145077463,0.3696736623794235,0.1254961216048755,0.00702153613421159,0.03783580161336123,0.2164032216143534,0.033340827365810434,0.20213346769143042
Makkah,2.1034319021859402,0.4984484132636334,0.9275016546060557,0.1303477481650574,0.24734843093960876,3.996864885705502,0.6832946550727526,1.3212113929177052,1.3625002848373367,0.5590548682244272,0.6322087155937919,0.08139743434579576,3.8900916263685517,1.273436687922631,0.11854683662497184,0.48447181351014434,2.709106882796558,0.29610068954077945,1.3990380751846252
Najran,0.5503654145052874,0.18632136011759473,0.16663865037526074,0.010576230838610553,0.04637748378664542,1.4940388651955152,0.12811678920605402,0.35941733716206165,0.26337229728809824,0.11106909225989556,0.1241701372863254,0.015987015598130688,1.014545893106686,0.2501117185900899,0.021298597973749483,0.07672981634607752,0.5382263162521221,0.06939397015193659,0.3805890126793015
Onaizah,0.2531862098063791,0.07006227065986083,0.07898954289156727,0.02393887392695272,0.03579772546101058,0.5618022285990965,0.09889043717945571,0.2972035837895476,0.2428688459974393,0.05267817207121806,0.09214889213582772,0.011864251809023157,0.5103075334955381,0.18561240473721266,0.010095896206487147,0.055002816299065206,0.25527154245974376,0.04625624824527549,0.31471052401740846
Others,3.193757477372046,0.8033907129141405,0.9428882910071201,0.27144365266928616,0.4158016852352155,6.442079149021365,1.1486431024130237,2.4689862088388916,2.2476731565502828,0.8297793470025018,0.9528394697493047,0.12267892907511745,5.8005583267331335,1.9192723993687157,0.12051344990548349,0.7680691218525463,4.021002352249421,0.44307196863574966,2.6144231966114324
Rabehg,0.07899369938912669,0.018719067670988486,0.0348320222825981,0.004895167190294866,0.009289089690857222,0.1501009578452551,0.025660908024129903,0.049617663159510564,0.05116825403579233,0.020995123329951463,0.02374239222049567,0.0030568541121183276,0.14609112289785556,0.04782349968748983,0.0044519878043844255,0.018194181023475964,0.10173962584205772,0.011119964869882355,0.05254041884133567
Rafha,0.08592548317940593,0.02208061618689246,0.02465068095193198,0.007144649761549068,0.01136907725323764,0.1770559142003992,0.03140682837864125,0.06021830426064986,0.04769585559584632,0.018636424290764137,0.027043824319541616,0.003481916430781234,0.15230326241037603,0.0544734629890268,0.0031506792823395857,0.016277855901127767,0.09030967832759866,0.012652989675138534,0.06376549652486176
Riyadh,15.840015154726292,2.773354307367704,4.501878996354001,5.668793893227666,3.0251016736118155,22.23845467610162,8.356777509275036,12.814995250509936,10.322180647578527,4.292016616944373,6.167943233507993,0.7941281763673809,27.989205754526616,12.423879976403088,0.5753989884932822,4.588546483944455,20.798552018642727,2.2363310834732077,13.569869579447582
Sabya,0.1574215101111969,0.037506253299336066,0.0390131435905654,0.004959131902190778,0.026121504123609113,0.3007481272233586,0.07216008641057765,0.10315510887292534,0.1390049948579534,0.05831260976298128,0.05315980246798707,0.006844371841915081,0.28956537887417105,0.10707799673699966,0.00498638976705835,0.05415925446492066,0.28257529169624324,0.018228526709586076,0.10923151717934595
Safwa,0.042505929008047345,0.006809617827077382,0.011737009417295212,0.005824716040791477,0.006438344359044404,0.05460368947693778,0.017785786112898168,0.028848620622949697,0.025529717362903766,0.011147060425374944,0.01419024779802037,0.0018270070231554373,0.069225344578023,0.028582937423980565,0.0015001432406595806,0.019311758808660148,0.05401719909397062,0.005394906946373594,0.03054796445475169
Saihat,0.08841913596938161,0.014165095049160996,0.024414858250604608,0.012116341687209695,0.013392786808453757,0.11358441415025188,0.03699728196367508,0.06000974849665742,0.05310589848167087,0.02318766991831989,0.029517986755561557,0.003800467044651868,0.1439997971485977,0.059457084916713435,0.0031205380582157425,0.040171549422847584,0.11236442027818545,0.011222269974225454,0.06354465566912233
Sakaka,0.293391489972229,0.07529948281317701,0.0888419387709221,0.013983789890148876,0.03297935705171239,0.6037974056275931,0.09110475581174354,0.22069591466244848,0.1558429113103088,0.07313620708333975,0.07588306015829482,0.009770011476971681,0.5216644008272555,0.1528486881213785,0.0113551611995728,0.05646314856791976,0.354408508453541,0.0366286391968453,0.2336961286479719
Samta,0.09498898486531653,0.022631474723427636,0.023540740420130525,0.0029923668301083278,0.015761855912220252,0.18147303557762004,0.0435417837822327,0.06224434684046043,0.08387636062847287,0.035186141984791953,0.03207691038224693,0.004129930737197445,0.17472530515028964,0.06461143845129351,0.0030088143721979546,0.03267998508622655,0.17050744899656317,0.01099919093973126,0.06591088425486055
Shagraa,0.05384974644021875,0.009428300717002694,0.015304596623815444,0.019271642785081988,0.010284141554705003,0.07560189392704295,0.028409717133225775,0.04356588286891019,0.0350913054787315,0.014591148069116468,0.020968551856654315,0.0026997196985418994,0.09515215851890478,0.042236246619587116,0.001956127524478811,0.01559923158380563,0.07070679804201009,0.007602635516764619,0.0461321551111052
Sharora,0.08501648686821137,0.028781582287366995,0.025741138992353436,0.0016337399962062257,0.007164059799927976,0.23078836753880294,0.019790559217687267,0.05552020261395322,0.04068385633201729,0.017157153728610333,0.019180908843110935,0.002469559070825861,0.15671974532780836,0.03863545760449646,0.0032900540753895615,0.01185266961160747,0.08314132636569357,0.010719480906078063,0.05879065062204144
Tabarjal,0.08049551547709904,0.020659326842708943,0.024374863967687538,0.003836622444766638,0.009048286800111924,0.16565914510447685,0.024995695281331037,0.06055060225545463,0.04275739381725949,0.020065805895632973,0.020819438368849193,0.0026805212043827516,0.14312495858218885,0.04193589235152426,0.0031154262660163896,0.015491349970188077,0.09723627491764653,0.010049511639392888,0.06411736871543736
Tabouk,0.9298360405505922,0.21803096638893052,0.23585538327405994,0.05118173683412607,0.09600845933270713,1.7483059236772827,0.2652212785607908,0.5368987510430274,0.547581056304102,0.26624252525239217,0.2497724622478551,0.03215842663306551,1.527465174383475,0.5031082444987293,0.030145401303877686,0.1293566959456466,1.2901765079788938,0.10886889812048552,0.568525066658317
Tareef,0.04852068776105621,0.012452926615195998,0.014692559663536294,0.002312620257119086,0.00545408146029726,0.0998551982273423,0.015066781284989885,0.03649839184664478,0.02577308987447868,0.01209516700111026,0.012549437847166523,0.0016157512828369686,0.08627215298914635,0.02527790929357379,0.0018779011998374027,0.009337799136333104,0.05861159974395853,0.006057594805325612,0.038648349651072604
Wadil-Dawaser,0.08967305192135339,0.01570043603946228,0.025485911789879117,0.03209201785183767,0.017125621206506528,0.12589571924908832,0.047309155715095495,0.07254789362546743,0.05843564113483279,0.024297844741879918,0.03491778817277779,0.004495696279075457,0.15845171083148996,0.07033372274623355,0.0032574327023454103,0.025976551352952588,0.11774418249216294,0.012660255145134337,0.07682136711849781
Yanbu,0.35580721177861857,0.09295206883894251,0.11876107334993488,0.032935747269011724,0.04005066358717387,0.7453466599753256,0.11063908615581408,0.21873831608400485,0.28019256076528765,0.11911056649963732,0.1022131800225833,0.013160037824453122,0.6601787338084099,0.205884560303389,0.015179217729590784,0.06697080806107042,0.5771942502581456,0.0477530406162683,0.2316232166508071
