,,"Apparel, Clothing & Accessories",Bakeries & Pastries,Construction & Building Materials,Education,Electronic & Electric Devices,Food & Beverages,Furniture & Home Supplies,Gas Stations,Health,Hotels,Jewelry,Laundry Services,Others,Professional & Business Services,Public Utilities & Services,Recreation & Culture,Restaurants & Café,Telecommunication,Transportation
base,Riyadh,16.969,3.013,4.796,5.841,3.207,24.161,8.859,13.759,11.082,4.588,6.552,0.844,30.015,13.198,0.613,4.867,22.233,2.394,14.569
base,Makkah,10.127,2.434,4.44,0.604,1.178,19.516,3.255,6.375,6.574,2.686,3.018,0.389,18.749,6.08,0.568,2.31,13.016,1.425,6.751
base,Madinah,2.351,0.623,0.78,0.209,0.262,4.994,0.723,1.448,1.855,0.785,0.67,0.086,4.366,1.349,0.1,0.438,3.805,0.315,1.534
base,Eastern,6.496,1.055,1.784,0.856,0.974,8.463,2.69,4.419,3.91,1.7,2.151,0.277,10.591,4.332,0.228,2.922,8.238,0.824,4.679
base,Qassim,1.547,0.434,0.48,0.141,0.216,3.482,0.598,1.82,1.488,0.321,0.558,0.072,3.122,1.125,0.061,0.333,1.557,0.282,1.928
base,Asir,1.838,0.507,0.533,0.119,0.272,4.063,0.751,1.868,2.199,0.435,0.603,0.078,3.614,1.215,0.068,0.366,2.109,0.325,1.978
base,Tabuk,0.928,0.221,0.234,0.049,0.095,1.77,0.262,0.537,0.548,0.265,0.247,0.032,1.527,0.498,0.03,0.128,1.285,0.109,0.569
base,Hail,0.756,0.227,0.237,0.021,0.079,1.822,0.218,0.66,0.437,0.162,0.153,0.02,1.404,0.309,0.03,0.094,0.784,0.117,0.699
base,Northern Borders,0.308,0.08,0.088,0.025,0.04,0.643,0.111,0.216,0.171,0.067,0.096,0.012,0.546,0.193,0.011,0.058,0.323,0.045,0.229
base,Jazan,1.011,0.244,0.249,0.031,0.166,1.959,0.459,0.664,0.895,0.374,0.339,0.044,1.862,0.682,0.032,0.344,1.811,0.117,0.703
base,Najran,0.633,0.217,0.191,0.012,0.053,1.744,0.146,0.415,0.304,0.128,0.142,0.018,1.169,0.285,0.024,0.087,0.618,0.08,0.439
base,Al-Baha,0.183,0.053,0.036,0.002,0.023,0.429,0.063,0.186,0.145,0.046,0.048,0.006,0.344,0.097,0.005,0.072,0.222,0.023,0.196
base,Al-Jouf,0.569,0.148,0.171,0.026,0.063,1.187,0.175,0.429,0.303,0.141,0.146,0.019,1.012,0.294,0.022,0.108,0.685,0.071,0.454
alternative,Riyadh,16.864,3.609,6.751,5.83,2.573,23.979,8.817,13.679,11.012,4.561,5.68,0.839,29.821,13.126,0.608,4.845,22.101,2.379,14.485
alternative,Makkah,10.269,2.156,2.531,0.615,1.562,19.762,3.306,6.467,6.665,2.724,3.458,0.394,19.005,6.169,0.574,2.346,13.2,1.444,6.848
alternative,Madinah,2.353,0.622,0.555,0.21,0.341,4.992,0.725,1.45,1.857,0.786,0.792,0.086,4.369,1.351,0.1,0.439,3.81,0.316,1.536
alternative,Eastern,6.445,1.335,2.046,0.853,0.884,8.385,2.673,4.386,3.879,1.687,2.171,0.275,10.504,4.301,0.226,2.904,8.175,0.817,4.644
alternative,Qassim,1.559,0.256,0.462,0.142,0.308,3.504,0.604,1.835,1.499,0.324,0.525,0.073,3.145,1.134,0.062,0.336,1.569,0.285,1.943
alternative,Asir,1.84,0.345,0.577,0.12,0.352,4.062,0.753,1.871,2.201,0.436,0.62,0.078,3.617,1.217,0.068,0.367,2.112,0.326,1.981
alternative,Tabuk,0.924,0.209,0.2,0.049,0.117,1.76,0.261,0.535,0.545,0.264,0.311,0.032,1.519,0.496,0.03,0.128,1.28,0.108,0.567
alternative,Hail,0.758,0.128,0.168,0.021,0.127,1.824,0.219,0.662,0.438,0.162,0.255,0.02,1.407,0.31,0.03,0.095,0.786,0.117,0.701
alternative,Northern Borders,0.309,0.053,0.086,0.025,0.049,0.645,0.112,0.217,0.172,0.067,0.104,0.012,0.548,0.194,0.011,0.058,0.324,0.045,0.23
alternative,Jazan,1.001,0.293,0.348,0.03,0.125,1.938,0.455,0.658,0.886,0.37,0.337,0.043,1.843,0.676,0.031,0.342,1.794,0.116,0.697
alternative,Najran,0.642,0.102,0.113,0.012,0.088,1.766,0.148,0.42,0.308,0.129,0.216,0.019,1.185,0.29,0.025,0.089,0.627,0.081,0.445
alternative,Al-Baha,0.182,0.036,0.048,0.002,0.025,0.426,0.062,0.185,0.144,0.046,0.061,0.006,0.342,0.096,0.005,0.072,0.221,0.023,0.196
alternative,Al-Jouf,0.57,0.112,0.134,0.026,0.077,1.188,0.175,0.43,0.303,0.142,0.192,0.019,1.014,0.295,0.022,0.109,0.687,0.071,0.455
no_survey,Riyadh,17.282,3.66,5.542,3.137,2.62,29.346,7.238,12.965,11.824,4.624,5.82,0.749,30.962,11.724,0.708,4.795,22.41,2.422,13.729
no_survey,Makkah,9.878,2.092,3.168,1.793,1.498,16.774,4.137,7.411,6.759,2.643,3.327,0.428,17.698,6.701,0.405,2.741,12.809,1.385,7.847
no_survey,Madinah,2.408,0.51,0.772,0.437,0.365,4.089,1.009,1.807,1.648,0.644,0.811,0.104,4.314,1.634,0.099,0.668,3.123,0.338,1.913
no_survey,Eastern,6.008,1.272,1.927,1.091,0.911,10.201,2.516,4.507,4.11,1.608,2.023,0.26,10.763,4.075,0.246,1.667,7.79,0.842,4.772
no_survey,Qassim,1.765,0.374,0.566,0.32,0.268,2.997,0.739,1.324,1.208,0.472,0.595,0.077,3.163,1.197,0.072,0.49,2.289,0.247,1.402
no_survey,Asir,2.07,0.438,0.664,0.376,0.314,3.514,0.867,1.553,1.416,0.554,0.697,0.09,3.708,1.404,0.085,0.574,2.684,0.29,1.644
no_survey,Tabuk,0.842,0.178,0.27,0.153,0.128,1.43,0.353,0.632,0.576,0.225,0.284,0.037,1.509,0.571,0.035,0.234,1.092,0.118,0.669
no_survey,Hail,0.743,0.157,0.238,0.135,0.113,1.261,0.311,0.557,0.508,0.199,0.25,0.032,1.33,0.504,0.03,0.206,0.963,0.104,0.59
no_survey,Northern Borders,0.294,0.062,0.094,0.053,0.045,0.5,0.123,0.221,0.201,0.079,0.099,0.013,0.527,0.2,0.012,0.082,0.382,0.041,0.234
no_survey,Jazan,1.081,0.229,0.347,0.196,0.164,1.836,0.453,0.811,0.74,0.289,0.364,0.047,1.937,0.734,0.044,0.3,1.402,0.152,0.859
no_survey,Najran,0.605,0.128,0.194,0.11,0.092,1.027,0.253,0.454,0.414,0.162,0.204,0.026,1.084,0.41,0.025,0.168,0.784,0.085,0.48
no_survey,Al-Baha,0.196,0.042,0.063,0.036,0.03,0.334,0.082,0.147,0.134,0.053,0.066,0.009,0.352,0.133,0.008,0.055,0.255,0.028,0.156
no_survey,Al-Jouf,0.543,0.115,0.174,0.099,0.082,0.923,0.228,0.408,0.372,0.145,0.183,0.024,0.974,0.369,0.022,0.151,0.705,0.076,0.432
