date,region,value
2023,Ha'il,6668.0
2023,Northern Borders,3094.0
2023,Al-Baha,2426.0
2023,Najran,6568.0
2023,Riyadh,80080.0
2023,Al-Qassim,13901.0
2023,Al-Jawf,4422.0
2023,Al-Madinah,17210.0
2023,Jazan,12329.0
2023,Eastern,40262.0
2023,Tabuk,8369.0
2023,Makkah,63065.0
2023,Asir,19125.0
2023,Total,277519.0
2022,Al-Qassim,13498.0
2022,Eastern,38424.0
2022,Al-Baha,3059.0
2022,Asir,20376.0
2022,Jazan,14771.0
2022,Najran,5911.0
2022,Al-Madinah,18269.0
2022,Riyadh,79397.0
2022,Ha'il,6688.0
2022,Al-Jawf,5259.0
2022,Northern Borders,3595.0
2022,Makkah,64844.0
2022,Total,282320.0
2022,Tabuk,8229.0
2021,Al-Qassim,13814.0
2021,Makkah,61876.0
2021,Al-Madinah,15843.0
2021,Asir,18498.0
2021,Al-Jawf,4783.0
2021,Jazan,13263.0
2021,Riyadh,76708.0
2021,Tabuk,7489.0
2021,Eastern,34348.0
2021,Northern Borders,3863.0
2021,Al-Baha,2425.0
2021,Najran,5974.0
2021,Ha'il,7079.0
2021,Total,265963.0
2020,Al-Qassim,11056.0
2020,Makkah,47522.0
2020,Al-Madinah,12563.0
2020,Asir,12825.0
2020,Riyadh,59209.0
2020,Najran,4498.0
2020,Eastern,28218.0
2020,Ha'il,5274.0
2020,Al-Jawf,3473.0
2020,Tabuk,5466.0
2020,Al-Baha,2107.0
2020,Jazan,10756.0
2020,Northern Borders,2873.0
2020,Total,205840.0
2019,Makkah,54987.0
2019,Al-Baha,2356.0
2019,Asir,14058.0
2019,Riyadh,56476.0
2019,Najran,4801.0
2019,Al-Qassim,14979.0
2019,Tabuk,6681.0
2019,Al-Madinah,14695.0
2019,Total,229256.0
2019,Ha'il,6028.0
2019,Jazan,12785.0
2019,Eastern,34587.0
2019,Al-Jawf,3593.0
2019,Northern Borders,3230.0
2018,Riyadh,36945.0
2018,Tabuk,5131.0
2018,Makkah,36385.0
2018,Al-Madinah,9601.0
2018,Al-Baha,1858.0
2018,Asir,8921.0
2018,Jazan,9257.0
2018,Al-Qassim,9286.0
2018,Northern Borders,2328.0
2018,Najran,3477.0
2018,Total,152054.0
2018,Eastern,22345.0
2018,Ha'il,3619.0
2018,Al-Jawf,2901.0
2017,Northern Borders,2255.0
2017,Makkah,32329.0
2017,Riyadh,48510.0
2017,Jazan,7383.0
2017,Al-Madinah,8859.0
2017,Asir,8875.0
2017,Najran,5052.0
2017,Eastern,27241.0
2017,Ha'il,4850.0
2017,Al-Baha,1684.0
2017,Total,176328.0
2017,Al-Qassim,22280.0
2017,Al-Jawf,2239.0
2017,Tabuk,4771.0
2016,Tabuk,5538.0
2016,Makkah,36568.0
2016,Al-Madinah,10893.0
2016,Eastern,26093.0
2016,Total,181838.0
2016,Riyadh,47426.0
2016,Ha'il,5587.0
2016,Jazan,7204.0
2016,Al-Jawf,3131.0
2016,Asir,11440.0
2016,Al-Qassim,18050.0
2016,Northern Borders,2309.0
2016,Al-Baha,2052.0
2016,Najran,5547.0
2015,Al-Baha,2387.0
2015,Jazan,6712.0
2015,Najran,5674.0
2015,Total,207608.0
2015,Al-Qassim,22656.0
2015,Ha'il,6356.0
2015,Al-Jawf,4212.0
2015,Makkah,42052.0
2015,Al-Madinah,14149.0
2015,Asir,12611.0
2015,Northern Borders,2800.0
2015,Tabuk,6950.0
2015,Riyadh,51055.0
2015,Eastern,29994.0
2014,Al-Jawf,2442.0
2014,Al-Madinah,10453.0
2014,Asir,11008.0
2014,Riyadh,36778.0
2014,Al-Qassim,9034.0
2014,Northern Borders,1622.0
2014,Total,145077.0
2014,Al-Baha,2213.0
2014,Eastern,23007.0
2014,Ha'il,3399.0
2014,Tabuk,4772.0
2014,Makkah,32319.0
2014,Jazan,4507.0
2014,Najran,3523.0
2013,Eastern,28183.0
2013,Al-Jawf,2925.0
2013,Asir,13045.0
2013,Riyadh,45714.0
2013,Al-Qassim,10117.0
2013,Najran,3501.0
2013,Northern Borders,2229.0
2013,Total,176410.0
2013,Tabuk,4432.0
2013,Jazan,5906.0
2013,Ha'il,4505.0
2013,Makkah,41417.0
2013,Al-Madinah,12161.0
2013,Al-Baha,2275.0
2012,Riyadh,41435.0
2012,Ha'il,9502.0
2012,Makkah,27046.0
2012,Northern Borders,2458.0
2012,Asir,9552.0
2012,Najran,4869.0
2012,Al-Baha,2054.0
2012,Total,158134.0
2012,Eastern,28998.0
2012,Al-Jawf,1510.0
2012,Tabuk,2399.0
2012,Al-Madinah,8226.0
2012,Jazan,3098.0
2012,Al-Qassim,16987.0
2011,Eastern,20333.0
2011,Ha'il,4682.0
2011,Al-Baha,1153.0
2011,Asir,5640.0
2011,Al-Qassim,11072.0
2011,Al-Jawf,816.0
2011,Northern Borders,1560.0
2011,Najran,2647.0
2011,Total,107028.0
2011,Tabuk,1502.0
2011,Al-Madinah,4982.0
2011,Riyadh,29899.0
2011,Makkah,20737.0
2011,Jazan,2005.0
2010,Riyadh,24167.0
2010,Al-Qassim,6807.0
2010,Eastern,14429.0
2010,Al-Jawf,838.0
2010,Al-Madinah,4440.0
2010,Jazan,1274.0
2010,Najran,1709.0
2010,Total,79669.0
2010,Al-Baha,458.0
2010,Asir,2853.0
2010,Ha'il,3393.0
2010,Northern Borders,1122.0
2010,Tabuk,1203.0
2010,Makkah,16976.0
2009,Al-Qassim,5761.0
2009,Northern Borders,1158.0
2009,Najran,626.0
2009,Total,69995.0
2009,Riyadh,21227.0
2009,Eastern,13031.0
2009,Makkah,15343.0
2009,Al-Baha,469.0
2009,Jazan,1161.0
2009,Al-Jawf,713.0
2009,Al-Madinah,4554.0
2009,Asir,2413.0
2009,Ha'il,2330.0
2009,Tabuk,1209.0
2008,Ha'il,1887.0
2008,Tabuk,1018.0
2008,Al-Baha,403.0
2008,Riyadh,20985.0
2008,Al-Jawf,983.0
2008,Northern Borders,806.0
2008,Al-Madinah,4238.0
2008,Asir,1989.0
2008,Jazan,845.0
2008,Najran,1614.0
2008,Total,68612.0
2008,Al-Qassim,5644.0
2008,Eastern,13923.0
2008,Makkah,14277.0
2007,Tabuk,825.0
2007,Makkah,11557.0
2007,Asir,2356.0
2007,Ha'il,2106.0
2007,Al-Baha,462.0
2007,Eastern,13466.0
2007,Northern Borders,661.0
2007,Total,59347.0
2007,Al-Jawf,779.0
2007,Al-Madinah,2828.0
2007,Jazan,608.0
2007,Riyadh,17021.0
2007,Al-Qassim,4845.0
2007,Najran,1833.0
2006,Ha'il,660.0
2006,Al-Madinah,1694.0
2006,Al-Qassim,2383.0
2006,Makkah,8437.0
2006,Al-Baha,305.0
2006,Asir,1198.0
2006,Riyadh,12564.0
2006,Jazan,470.0
2006,Najran,741.0
2006,Total,37622.0
2006,Al-Jawf,411.0
2006,Tabuk,710.0
2006,Eastern,7625.0
2006,Northern Borders,424.0
2005,Riyadh,10980.0
2005,Ha'il,503.0
2005,Northern Borders,276.0
2005,Jazan,416.0
2005,Najran,312.0
2005,Al-Qassim,1478.0
2005,Al-Madinah,1436.0
2005,Al-Baha,276.0
2005,Eastern,6279.0
2005,Al-Jawf,318.0
2005,Tabuk,724.0
2005,Makkah,8058.0
2005,Asir,952.0
2005,Total,32008.0
